epoch,time,train/box_loss,train/cls_loss,train/dfl_loss,metrics/precision(B),metrics/recall(B),metrics/mAP50(B),metrics/mAP50-95(B),val/box_loss,val/cls_loss,val/dfl_loss,lr/pg0,lr/pg1,lr/pg2
1,1.83196,2.00003,3.01494,1.98136,0.00808,0.94658,0.38167,0.18263,1.73511,2.91509,1.67919,0.0951,0.0001,0.0001
2,2.56793,1.6054,2.65658,1.62028,0.0084,1,0.65463,0.40821,1.51056,2.54386,1.51086,0.08922,0.000219994,0.000219994
3,3.23552,1.34689,2.17222,1.33764,0.00832,1,0.60366,0.42699,1.10209,2.45613,1.30143,0.08334,0.000339963,0.000339963
4,4.04186,1.43205,2.027,1.53363,0.00843,1,0.58708,0.38398,1.30011,2.49645,1.45815,0.0774599,0.000459888,0.000459888
5,4.66058,1.45376,1.81755,1.41127,0.00931,1,0.69758,0.42445,1.7435,2.5339,1.78681,0.0715797,0.000579748,0.000579748
6,5.29875,1.52711,1.85184,1.47851,0.21196,0.91667,0.69967,0.44137,1.43688,2.52032,1.57429,0.0656995,0.000699525,0.000699525
7,5.95576,1.50856,1.69269,1.4566,0.69668,0.53205,0.74072,0.4916,1.07415,2.28365,1.32461,0.0598192,0.000819199,0.000819199
8,6.58333,1.41048,1.61678,1.40383,0.8322,0.4215,0.83306,0.59502,1.06126,2.10856,1.31413,0.0539388,0.00093875,0.00093875
9,7.18798,1.4344,1.62711,1.45285,0.8651,0.55695,0.92617,0.59597,1.21287,1.94582,1.46803,0.0480582,0.00105816,0.00105816
10,7.85837,1.35359,1.5327,1.39994,0.83904,0.83092,0.94135,0.62301,1.23369,1.63269,1.52336,0.0421774,0.00117741,0.00117741
11,8.51056,1.35243,1.35237,1.40242,0.88546,0.9226,0.97503,0.65744,1.16992,1.48183,1.44131,0.0362965,0.00129647,0.00129647
12,9.14646,1.43008,1.4195,1.47461,0.89277,0.9076,0.96962,0.61334,1.32382,1.38308,1.59621,0.0304153,0.00141534,0.00141534
13,9.8747,1.39019,1.36206,1.44474,0.92475,0.94872,0.99143,0.60384,1.32858,1.28522,1.5874,0.024534,0.00153399,0.00153399
14,10.4926,1.40033,1.36473,1.44497,0.95177,0.9904,0.98786,0.60592,1.32485,1.22151,1.57833,0.0186524,0.0016524,0.0016524
15,11.0737,1.41772,1.42413,1.45357,0.95177,0.9904,0.98786,0.60592,1.32485,1.22151,1.57833,0.0127705,0.00177055,0.00177055
16,11.6791,1.34052,1.28641,1.39117,0.83034,1,0.98062,0.62761,1.29992,1.31597,1.53405,0.00688842,0.00188842,0.00188842
17,12.3348,1.31008,1.32015,1.38202,0.79099,0.89111,0.96102,0.62459,1.18495,1.46972,1.40134,0.00198614,0.00198614,0.00198614
18,12.964,1.42011,1.27679,1.47635,0.83812,0.91317,0.96793,0.57405,1.30638,1.51646,1.52995,0.00198435,0.00198435,0.00198435
19,13.635,1.28574,1.22466,1.32521,0.83812,0.91317,0.96793,0.57405,1.30638,1.51646,1.52995,0.00198246,0.00198246,0.00198246
20,14.2566,1.33818,1.26386,1.35266,0.9422,0.93488,0.99189,0.64879,1.21717,1.62799,1.48333,0.00198047,0.00198047,0.00198047
21,14.9206,1.35614,1.21669,1.4265,0.96207,0.97436,0.99333,0.64278,1.19335,1.71511,1.46324,0.00197837,0.00197837,0.00197837
22,15.6264,1.25948,1.11745,1.34292,0.94633,0.97415,0.98984,0.5277,1.60848,2.0957,1.97288,0.00197616,0.00197616,0.00197616
23,16.2917,1.4168,1.21438,1.42085,0.94633,0.97415,0.98984,0.5277,1.60848,2.0957,1.97288,0.00197384,0.00197384,0.00197384
24,16.9162,1.33602,1.22873,1.38681,0.90072,0.97436,0.97193,0.55541,1.48122,1.73769,1.77035,0.00197142,0.00197142,0.00197142
25,17.5519,1.34988,1.29369,1.37093,0.90597,0.86721,0.96315,0.69292,1.10891,1.51034,1.37191,0.0019689,0.0019689,0.0019689
26,18.1894,1.41578,1.29284,1.46786,0.90221,0.92094,0.9683,0.67585,1.18951,1.46786,1.45924,0.00196627,0.00196627,0.00196627
27,18.8504,1.40698,1.25016,1.44588,0.90221,0.92094,0.9683,0.67585,1.18951,1.46786,1.45924,0.00196353,0.00196353,0.00196353
28,19.4336,1.24541,1.16746,1.42714,0.89368,0.91552,0.96482,0.60785,1.35017,1.3463,1.7147,0.00196069,0.00196069,0.00196069
29,20.031,1.32295,1.19589,1.4089,0.92474,0.97436,0.98062,0.5685,1.55761,1.29817,1.95855,0.00195775,0.00195775,0.00195775
30,20.6536,1.34198,1.11155,1.34414,0.90127,0.99113,0.99128,0.63562,1.37203,1.2815,1.70058,0.0019547,0.0019547,0.0019547
31,21.3499,1.37879,1.22045,1.42366,0.90127,0.99113,0.99128,0.63562,1.37203,1.2815,1.70058,0.00195155,0.00195155,0.00195155
32,21.9725,1.37333,1.24572,1.43464,0.80511,0.97436,0.96213,0.71562,1.04746,1.34872,1.33681,0.00194829,0.00194829,0.00194829
33,22.59,1.2536,1.11594,1.38402,0.81937,0.92308,0.94136,0.68093,1.09478,1.34381,1.37804,0.00194493,0.00194493,0.00194493
34,23.2081,1.36449,1.27833,1.4792,0.86483,0.90613,0.94916,0.6087,1.3293,1.31925,1.59762,0.00194147,0.00194147,0.00194147
35,23.7761,1.32262,1.15113,1.37818,0.86483,0.90613,0.94916,0.6087,1.3293,1.31925,1.59762,0.00193791,0.00193791,0.00193791
36,24.3968,1.29108,1.18622,1.35967,0.88015,0.93263,0.95735,0.62909,1.41587,1.23895,1.57317,0.00193424,0.00193424,0.00193424
37,24.9971,1.24278,1.09817,1.33186,0.88132,0.99088,0.95448,0.64032,1.29883,1.19505,1.45257,0.00193048,0.00193048,0.00193048
38,25.5989,1.22137,1.10997,1.34238,0.86746,0.98633,0.95674,0.67238,1.10307,1.16612,1.31993,0.00192661,0.00192661,0.00192661
39,26.2019,1.27374,1.12971,1.38107,0.86746,0.98633,0.95674,0.67238,1.10307,1.16612,1.31993,0.00192264,0.00192264,0.00192264
40,26.9097,1.18265,1.02814,1.31421,0.77035,1,0.9453,0.67766,1.13119,1.14525,1.37357,0.00191858,0.00191858,0.00191858
41,27.5066,1.28409,1.08154,1.33411,0.81522,1,0.95207,0.65724,1.16315,1.01905,1.40637,0.00191441,0.00191441,0.00191441
42,28.1461,1.14687,0.98132,1.30906,0.88679,1,0.97628,0.64981,1.37834,0.93893,1.60583,0.00191014,0.00191014,0.00191014
43,28.7328,1.16689,0.99808,1.27999,0.88679,1,0.97628,0.64981,1.37834,0.93893,1.60583,0.00190578,0.00190578,0.00190578
44,29.3587,1.25108,1.05763,1.32907,0.89835,0.97222,0.95962,0.59333,1.58171,0.91776,1.81172,0.00190132,0.00190132,0.00190132
45,30.0016,1.23306,1.0406,1.34876,0.88967,0.97126,0.99295,0.67168,1.41976,0.87268,1.64015,0.00189675,0.00189675,0.00189675
46,30.6463,1.19103,0.99034,1.29348,0.94725,0.97003,0.995,0.71214,1.18793,0.79737,1.381,0.0018921,0.0018921,0.0018921
47,31.2317,1.21516,1.01189,1.35169,0.94725,0.97003,0.995,0.71214,1.18793,0.79737,1.381,0.00188734,0.00188734,0.00188734
48,31.9027,1.3151,1.08613,1.35486,0.92021,0.97436,0.98599,0.69654,1.20923,0.84603,1.40204,0.00188249,0.00188249,0.00188249
49,32.6262,1.35803,1.05757,1.38861,0.93064,0.97436,0.98273,0.69711,1.26204,0.84747,1.44426,0.00187754,0.00187754,0.00187754
50,33.2568,1.20933,1.00609,1.33538,0.95797,0.97436,0.99333,0.66395,1.28362,0.95851,1.51685,0.0018725,0.0018725,0.0018725
51,33.8948,1.26449,1.01729,1.31403,0.95797,0.97436,0.99333,0.66395,1.28362,0.95851,1.51685,0.00186737,0.00186737,0.00186737
52,34.5739,1.16972,0.98718,1.30849,0.88569,0.93661,0.99063,0.63446,1.34271,1.00915,1.60305,0.00186213,0.00186213,0.00186213
53,35.1813,1.17603,0.93101,1.31393,0.86844,0.96475,0.96986,0.60428,1.44874,1.05234,1.69277,0.00185681,0.00185681,0.00185681
54,35.7891,1.1688,0.94578,1.30648,0.89198,0.96468,0.97284,0.58237,1.51086,1.02803,1.69436,0.00185139,0.00185139,0.00185139
55,36.407,1.19991,1.01429,1.30151,0.89198,0.96468,0.97284,0.58237,1.51086,1.02803,1.69436,0.00184588,0.00184588,0.00184588
56,37.0222,1.23087,1.01566,1.35431,0.87144,0.97436,0.96074,0.57962,1.43671,0.93311,1.56308,0.00184028,0.00184028,0.00184028
57,37.5984,1.17912,0.97375,1.24243,0.81087,0.94872,0.94997,0.63057,1.24725,0.85938,1.3892,0.00183459,0.00183459,0.00183459
58,38.2706,1.21882,0.9938,1.33442,0.86259,0.93708,0.94868,0.64528,1.1931,0.81976,1.36597,0.00182881,0.00182881,0.00182881
59,38.8548,1.24776,1.06434,1.32669,0.86259,0.93708,0.94868,0.64528,1.1931,0.81976,1.36597,0.00182294,0.00182294,0.00182294
60,39.4532,1.21883,1.01679,1.34618,0.8863,0.94936,0.98353,0.63831,1.30938,0.81294,1.44999,0.00181698,0.00181698,0.00181698
61,40.0614,1.22829,1.02031,1.32107,0.8924,0.92508,0.9816,0.60686,1.41972,0.87146,1.53301,0.00181093,0.00181093,0.00181093
62,40.6792,1.23394,0.97495,1.30269,0.88466,0.94872,0.976,0.5914,1.44651,0.88897,1.53969,0.00180479,0.00180479,0.00180479
63,41.244,1.21275,1.01557,1.3194,0.88466,0.94872,0.976,0.5914,1.44651,0.88897,1.53969,0.00179856,0.00179856,0.00179856
64,41.8127,1.14957,0.96357,1.33262,0.85474,0.94872,0.9575,0.64304,1.3381,0.86386,1.4533,0.00179225,0.00179225,0.00179225
65,42.439,1.24307,1.0162,1.32211,0.89733,0.94872,0.98558,0.66426,1.27575,0.81995,1.40224,0.00178586,0.00178586,0.00178586
66,43.068,1.0965,0.89246,1.26635,0.88129,0.96787,0.99128,0.68489,1.21807,0.80228,1.37002,0.00177937,0.00177937,0.00177937
67,43.7643,1.15359,0.91613,1.27639,0.88129,0.96787,0.99128,0.68489,1.21807,0.80228,1.37002,0.00177281,0.00177281,0.00177281
68,44.36,1.19316,1.01415,1.35868,0.87556,0.97302,0.99128,0.71485,1.15628,0.77594,1.33981,0.00176616,0.00176616,0.00176616
69,44.9798,1.21566,0.90977,1.31169,0.91087,0.94112,0.98984,0.70668,1.13958,0.7835,1.30554,0.00175943,0.00175943,0.00175943
70,45.5704,1.15815,0.96101,1.29213,0.91606,0.94429,0.9698,0.67044,1.14773,0.80073,1.2898,0.00175261,0.00175261,0.00175261
71,46.2158,1.07805,0.86562,1.23405,0.91606,0.94429,0.9698,0.67044,1.14773,0.80073,1.2898,0.00174571,0.00174571,0.00174571
72,46.8082,1.14701,0.91829,1.29282,0.92394,0.94872,0.9357,0.63096,1.22468,0.81111,1.34113,0.00173874,0.00173874,0.00173874
73,47.443,1.07604,0.8977,1.2738,0.91851,0.97436,0.92556,0.61443,1.24943,0.81434,1.36901,0.00173168,0.00173168,0.00173168
74,48.0596,1.124,0.92545,1.28608,0.85894,1,0.93952,0.61235,1.28363,0.81308,1.41084,0.00172454,0.00172454,0.00172454
75,48.651,1.12871,0.84989,1.29524,0.85894,1,0.93952,0.61235,1.28363,0.81308,1.41084,0.00171733,0.00171733,0.00171733
76,49.3403,1.07613,0.83165,1.21421,0.86938,1,0.93952,0.63809,1.22113,0.77049,1.3542,0.00171004,0.00171004,0.00171004
77,49.9366,1.20197,0.91286,1.28645,0.92614,0.96938,0.97667,0.67515,1.1736,0.75869,1.32975,0.00170267,0.00170267,0.00170267
78,50.5373,1.13355,0.86205,1.269,0.92149,0.96907,0.97667,0.63445,1.30619,0.77513,1.4238,0.00169522,0.00169522,0.00169522
79,51.1714,1.22569,0.95807,1.30476,0.92149,0.96907,0.97667,0.63445,1.30619,0.77513,1.4238,0.0016877,0.0016877,0.0016877
80,51.781,1.20931,0.97039,1.30624,0.94131,0.945,0.99143,0.58108,1.55974,0.79782,1.63552,0.00168011,0.00168011,0.00168011
81,52.3858,1.14043,0.95679,1.28352,0.94597,0.95745,0.99333,0.58273,1.56249,0.77255,1.62141,0.00167244,0.00167244,0.00167244
82,53.0363,1.15302,0.90927,1.27407,0.91744,0.94872,0.98984,0.66798,1.30291,0.73954,1.41896,0.0016647,0.0016647,0.0016647
83,53.6477,1.11974,0.881,1.26154,0.91744,0.94872,0.98984,0.66798,1.30291,0.73954,1.41896,0.00165689,0.00165689,0.00165689
84,54.3244,1.11479,0.88185,1.25511,0.90897,0.94872,0.98833,0.72815,1.05346,0.71794,1.25099,0.001649,0.001649,0.001649
85,54.9439,1.13862,0.86244,1.25093,0.91182,0.94872,0.97167,0.72802,0.99042,0.68479,1.21329,0.00164105,0.00164105,0.00164105
86,55.5343,1.14774,0.80933,1.25859,0.91084,0.94872,0.98984,0.7369,1.1045,0.67138,1.27151,0.00163303,0.00163303,0.00163303
87,56.1472,1.18821,0.87254,1.27189,0.91084,0.94872,0.98984,0.7369,1.1045,0.67138,1.27151,0.00162494,0.00162494,0.00162494
88,56.742,1.13857,0.86717,1.28575,0.9159,0.94872,0.98984,0.68693,1.2458,0.70379,1.36828,0.00161678,0.00161678,0.00161678
89,57.3345,1.10707,0.83298,1.23257,0.84875,0.96728,0.95825,0.65206,1.30143,0.72677,1.42511,0.00160855,0.00160855,0.00160855
90,57.9125,1.11662,0.86752,1.2458,0.87887,0.89744,0.95161,0.65514,1.23744,0.73751,1.38077,0.00160026,0.00160026,0.00160026
91,58.5129,1.11282,0.84995,1.22213,0.87887,0.89744,0.95161,0.65514,1.23744,0.73751,1.38077,0.00159191,0.00159191,0.00159191
92,59.0941,1.14524,0.90475,1.2894,0.89688,0.89744,0.96267,0.70118,1.13056,0.71847,1.29809,0.00158349,0.00158349,0.00158349
93,59.8098,1.24005,0.93279,1.33689,0.90945,0.87761,0.9262,0.67637,1.12744,0.72267,1.29841,0.00157501,0.00157501,0.00157501
94,60.3915,1.05579,0.78128,1.16488,0.9427,0.92094,0.93492,0.63664,1.26779,0.73145,1.40499,0.00156646,0.00156646,0.00156646
95,61.0165,1.06871,0.81287,1.22335,0.9427,0.92094,0.93492,0.63664,1.26779,0.73145,1.40499,0.00155786,0.00155786,0.00155786
96,61.6264,1.15788,0.91333,1.28403,0.94586,0.93996,0.9631,0.63084,1.41919,0.75477,1.53162,0.00154919,0.00154919,0.00154919
97,62.2399,1.15726,0.87867,1.25242,0.95467,0.97222,0.96926,0.61352,1.42622,0.69776,1.53412,0.00154047,0.00154047,0.00154047
98,62.8491,1.14834,0.84122,1.27258,0.95337,1,0.99333,0.68696,1.25958,0.6407,1.3949,0.00153169,0.00153169,0.00153169
99,63.4315,1.11119,0.8175,1.27017,0.95337,1,0.99333,0.68696,1.25958,0.6407,1.3949,0.00152285,0.00152285,0.00152285
100,64.0538,1.02664,0.80936,1.17845,0.97793,1,0.995,0.72543,1.08258,0.60893,1.27465,0.00151395,0.00151395,0.00151395
101,64.758,1.15804,0.79867,1.278,0.97548,1,0.995,0.73878,1.04654,0.59307,1.25698,0.001505,0.001505,0.001505
102,65.3599,1.07588,0.81976,1.21985,0.97889,1,0.995,0.72103,1.12318,0.62646,1.31824,0.00149599,0.00149599,0.00149599
103,65.9457,1.03347,0.75565,1.16203,0.97889,1,0.995,0.72103,1.12318,0.62646,1.31824,0.00148694,0.00148694,0.00148694
104,66.549,1.06163,0.8186,1.23193,0.97903,0.9921,0.995,0.69169,1.26192,0.66725,1.41647,0.00147783,0.00147783,0.00147783
105,67.1799,1.16962,0.84056,1.27805,0.97798,0.97433,0.99333,0.66135,1.33899,0.68588,1.47079,0.00146866,0.00146866,0.00146866
106,67.7625,1.1654,0.91627,1.28109,0.95521,0.97436,0.99333,0.69608,1.25559,0.65156,1.398,0.00145945,0.00145945,0.00145945
107,68.3698,1.20189,0.93058,1.31273,0.95521,0.97436,0.99333,0.69608,1.25559,0.65156,1.398,0.00145019,0.00145019,0.00145019
108,68.9329,1.0354,0.77705,1.209,0.96723,0.97436,0.99333,0.72034,1.14337,0.61456,1.32153,0.00144088,0.00144088,0.00144088
109,69.5633,1.08271,0.859,1.2365,0.93994,0.97948,0.99143,0.7292,1.16579,0.60782,1.33024,0.00143152,0.00143152,0.00143152
110,70.2473,1.01058,0.76925,1.22706,0.9826,0.9608,0.99333,0.7101,1.28105,0.62903,1.40811,0.00142212,0.00142212,0.00142212
111,70.7994,1.09452,0.83576,1.24718,0.9826,0.9608,0.99333,0.7101,1.28105,0.62903,1.40811,0.00141267,0.00141267,0.00141267
112,71.398,1.05947,0.77571,1.22487,0.98454,0.94487,0.98984,0.69408,1.35017,0.64207,1.45571,0.00140318,0.00140318,0.00140318
113,72.0143,1.17324,0.88976,1.30276,0.94795,0.92373,0.98779,0.69202,1.30142,0.65976,1.40913,0.00139364,0.00139364,0.00139364
114,72.5749,1.07189,0.8073,1.22818,0.9414,0.96083,0.98611,0.70766,1.17032,0.65777,1.32074,0.00138406,0.00138406,0.00138406
115,73.1855,1.02858,0.80718,1.18704,0.9414,0.96083,0.98611,0.70766,1.17032,0.65777,1.32074,0.00137444,0.00137444,0.00137444
116,73.814,1.09023,0.81469,1.2224,0.94683,0.98112,0.98833,0.71885,1.05507,0.66463,1.25503,0.00136478,0.00136478,0.00136478
117,74.4086,1.06364,0.80406,1.21235,0.93429,0.98641,0.98833,0.72589,1.05319,0.65876,1.25216,0.00135509,0.00135509,0.00135509
118,75.0245,1.08301,0.82841,1.2159,0.9405,0.98425,0.99189,0.71745,1.13537,0.65003,1.31167,0.00134535,0.00134535,0.00134535
119,75.7194,1.04664,0.77902,1.23623,0.9405,0.98425,0.99189,0.71745,1.13537,0.65003,1.31167,0.00133558,0.00133558,0.00133558
120,76.3045,1.11473,0.77954,1.20922,0.93999,0.97678,0.99189,0.67528,1.27516,0.65268,1.41759,0.00132577,0.00132577,0.00132577
121,76.9131,1.07984,0.7984,1.23809,0.96964,0.97436,0.99189,0.69582,1.28114,0.63436,1.42174,0.00131593,0.00131593,0.00131593
122,77.5052,1.0831,0.81102,1.21805,0.96823,0.97436,0.99189,0.72393,1.15324,0.60644,1.33405,0.00130605,0.00130605,0.00130605
123,78.103,1.05681,0.81001,1.21571,0.96823,0.97436,0.99189,0.72393,1.15324,0.60644,1.33405,0.00129614,0.00129614,0.00129614
124,78.7091,0.99298,0.7308,1.19024,0.98675,0.97436,0.99189,0.73733,1.10776,0.59521,1.28729,0.0012862,0.0012862,0.0012862
125,79.3443,1.07072,0.79339,1.21601,0.98536,0.97436,0.99333,0.73839,1.11404,0.58706,1.27627,0.00127623,0.00127623,0.00127623
126,80.0017,1.04547,0.76646,1.17363,0.97929,0.97436,0.99333,0.74102,1.1063,0.57032,1.26231,0.00126623,0.00126623,0.00126623
127,80.6154,1.04444,0.74826,1.19477,0.97929,0.97436,0.99333,0.74102,1.1063,0.57032,1.26231,0.0012562,0.0012562,0.0012562
128,81.3203,0.99087,0.74904,1.21614,0.96766,0.97436,0.99333,0.73133,1.09941,0.56863,1.25958,0.00124615,0.00124615,0.00124615
129,81.923,0.98483,0.72234,1.15202,0.96698,0.97436,0.99333,0.72867,1.16462,0.59021,1.31338,0.00123607,0.00123607,0.00123607
130,82.5287,1.06809,0.72321,1.21543,0.9683,0.97436,0.99333,0.72206,1.22161,0.59109,1.34897,0.00122596,0.00122596,0.00122596
131,83.1014,0.99587,0.7452,1.17502,0.9683,0.97436,0.99333,0.72206,1.22161,0.59109,1.34897,0.00121583,0.00121583,0.00121583
132,83.682,1.01611,0.77523,1.18334,0.9779,0.97436,0.99333,0.72,1.23292,0.59607,1.35823,0.00120568,0.00120568,0.00120568
133,84.2768,1.01092,0.73743,1.21982,0.98105,0.96836,0.99333,0.70857,1.19798,0.58446,1.33176,0.00119551,0.00119551,0.00119551
134,84.8725,1.08234,0.79228,1.20288,0.988,0.97436,0.99333,0.72702,1.22024,0.57931,1.34681,0.00118531,0.00118531,0.00118531
135,85.4599,0.97026,0.67887,1.13482,0.988,0.97436,0.99333,0.72702,1.22024,0.57931,1.34681,0.0011751,0.0011751,0.0011751
136,86.0191,1.12014,0.79935,1.25782,0.98439,0.9853,0.995,0.71478,1.25756,0.56859,1.37991,0.00116487,0.00116487,0.00116487
137,86.697,1.04434,0.75786,1.21732,0.98017,0.99257,0.995,0.68316,1.34585,0.57558,1.45874,0.00115462,0.00115462,0.00115462
138,87.2806,1.06064,0.74433,1.23442,0.97922,0.99307,0.995,0.68711,1.41043,0.60269,1.48778,0.00114436,0.00114436,0.00114436
139,87.8643,1.04409,0.79895,1.19793,0.97922,0.99307,0.995,0.68711,1.41043,0.60269,1.48778,0.00113408,0.00113408,0.00113408
140,88.4271,1.08396,0.78431,1.23268,0.97488,0.98955,0.995,0.70265,1.33478,0.60166,1.4087,0.00112379,0.00112379,0.00112379
141,89.0363,1.05634,0.78468,1.24741,0.97397,0.97436,0.99333,0.74941,1.15978,0.56616,1.27673,0.00111348,0.00111348,0.00111348
142,89.6049,1.12503,0.85696,1.33475,0.91461,0.97436,0.98062,0.75242,1.09069,0.56745,1.22842,0.00110317,0.00110317,0.00110317
143,90.1907,1.09612,0.76685,1.25719,0.91461,0.97436,0.98062,0.75242,1.09069,0.56745,1.22842,0.00109284,0.00109284,0.00109284
144,90.7679,1.01918,0.77957,1.18271,0.90915,0.94872,0.97626,0.75006,1.10279,0.56397,1.23614,0.00108251,0.00108251,0.00108251
145,91.3531,1.12336,0.83019,1.24508,0.91518,0.97436,0.98394,0.74444,1.15556,0.57378,1.27459,0.00107216,0.00107216,0.00107216
146,92.0063,0.95058,0.66794,1.17677,0.96827,0.94872,0.99143,0.71879,1.27004,0.57465,1.35962,0.00106181,0.00106181,0.00106181
147,92.6033,1.0461,0.7923,1.19586,0.96827,0.94872,0.99143,0.71879,1.27004,0.57465,1.35962,0.00105146,0.00105146,0.00105146
148,93.1763,1.06338,0.7888,1.23242,0.9656,0.94872,0.99143,0.7025,1.3054,0.57385,1.39011,0.0010411,0.0010411,0.0010411
149,93.7842,1.07536,0.8249,1.2333,0.90162,0.95237,0.98043,0.69561,1.25525,0.56634,1.35621,0.00103073,0.00103073,0.00103073
150,94.3558,0.98644,0.69797,1.1599,0.89629,0.96618,0.97846,0.72301,1.15741,0.57283,1.28293,0.00102037,0.00102037,0.00102037
151,94.9109,1.04957,0.76303,1.26043,0.89629,0.96618,0.97846,0.72301,1.15741,0.57283,1.28293,0.00101,0.00101,0.00101
152,95.4814,0.93738,0.6911,1.18222,0.93171,0.97436,0.98156,0.71854,1.11491,0.55279,1.2638,0.000999633,0.000999633,0.000999633
153,96.1054,0.97921,0.70796,1.19043,0.93874,0.97212,0.98057,0.71821,1.13317,0.56177,1.28341,0.000989267,0.000989267,0.000989267
154,96.6999,1.10326,0.79316,1.25155,0.94994,0.96264,0.98268,0.71373,1.17348,0.57392,1.30971,0.000978903,0.000978903,0.000978903
155,97.3991,1.0883,0.79892,1.22418,0.94994,0.96264,0.98268,0.71373,1.17348,0.57392,1.30971,0.000968543,0.000968543,0.000968543
156,97.991,0.91959,0.64121,1.15193,0.95504,0.96225,0.98473,0.70247,1.18954,0.56268,1.3211,0.000958187,0.000958187,0.000958187
157,98.5947,1.01477,0.784,1.23839,0.95765,0.9547,0.98857,0.72234,1.15844,0.55619,1.3101,0.000947837,0.000947837,0.000947837
158,99.1952,0.92344,0.69466,1.15874,0.95759,0.94872,0.98857,0.73502,1.10408,0.55056,1.28183,0.000937494,0.000937494,0.000937494
159,99.7976,1.0358,0.68534,1.22404,0.95759,0.94872,0.98857,0.73502,1.10408,0.55056,1.28183,0.000927159,0.000927159,0.000927159
160,100.375,0.94773,0.64262,1.1515,0.98344,0.97291,0.99189,0.73382,1.07154,0.53245,1.26389,0.000916833,0.000916833,0.000916833
161,100.968,0.9183,0.72103,1.17054,0.97173,0.97436,0.99333,0.74696,1.07568,0.52692,1.26601,0.000906517,0.000906517,0.000906517
162,101.547,1.04864,0.77516,1.22759,0.98493,0.97298,0.99333,0.73352,1.09881,0.53099,1.28564,0.000896212,0.000896212,0.000896212
163,102.127,0.95338,0.69245,1.15909,0.98493,0.97298,0.99333,0.73352,1.09881,0.53099,1.28564,0.00088592,0.00088592,0.00088592
164,102.803,0.93742,0.6965,1.15291,0.95701,0.97466,0.99333,0.74002,1.113,0.52876,1.29639,0.000875642,0.000875642,0.000875642
165,103.371,0.95965,0.67401,1.1451,0.95599,0.97519,0.99333,0.74996,1.10857,0.52668,1.29265,0.000865378,0.000865378,0.000865378
166,103.935,0.92095,0.6448,1.11418,0.97551,0.97436,0.99189,0.75264,1.06952,0.51351,1.26463,0.00085513,0.00085513,0.00085513
167,104.516,0.963,0.67992,1.1697,0.97551,0.97436,0.99189,0.75264,1.06952,0.51351,1.26463,0.000844899,0.000844899,0.000844899
168,105.133,0.94522,0.69627,1.12162,0.97138,0.97436,0.99189,0.7528,1.06442,0.50749,1.25289,0.000834686,0.000834686,0.000834686
169,105.704,0.99543,0.69329,1.20499,0.97179,0.97436,0.99189,0.74198,1.07667,0.50998,1.26217,0.000824492,0.000824492,0.000824492
170,106.29,0.9361,0.67776,1.16564,0.97033,0.97436,0.99333,0.73997,1.08686,0.51831,1.27146,0.000814319,0.000814319,0.000814319
171,106.871,0.90212,0.70419,1.11979,0.97033,0.97436,0.99333,0.73997,1.08686,0.51831,1.27146,0.000804167,0.000804167,0.000804167
172,107.558,1.1129,0.81958,1.24823,0.97478,0.97436,0.99189,0.75048,1.10188,0.5223,1.28366,0.000794038,0.000794038,0.000794038
173,108.117,1.08561,0.75547,1.26309,0.97864,0.97436,0.99189,0.76909,1.08313,0.52058,1.25998,0.000783933,0.000783933,0.000783933
174,108.714,1.07855,0.78563,1.2132,0.97323,0.97436,0.99189,0.77355,1.05644,0.51364,1.23475,0.000773852,0.000773852,0.000773852
175,109.288,0.99097,0.77817,1.19976,0.97323,0.97436,0.99189,0.77355,1.05644,0.51364,1.23475,0.000763797,0.000763797,0.000763797
176,109.879,0.96564,0.66708,1.16765,0.9669,0.97436,0.99189,0.76748,1.04516,0.50908,1.21492,0.000753769,0.000753769,0.000753769
177,110.469,1.01693,0.68921,1.16932,0.96745,0.97436,0.99333,0.79365,1.0326,0.51807,1.20134,0.000743769,0.000743769,0.000743769
178,111.116,1.0335,0.76395,1.23519,0.97095,0.97436,0.99333,0.77878,1.02833,0.50628,1.19778,0.000733799,0.000733799,0.000733799
179,111.704,1.01169,0.67408,1.19905,0.97095,0.97436,0.99333,0.77878,1.02833,0.50628,1.19778,0.000723859,0.000723859,0.000723859
180,112.313,1.01575,0.71891,1.20722,0.97495,0.97436,0.99333,0.76127,1.03066,0.49373,1.20383,0.00071395,0.00071395,0.00071395
181,113.054,0.97404,0.69661,1.22207,0.97753,0.97436,0.99333,0.74895,1.05955,0.48225,1.23831,0.000704073,0.000704073,0.000704073
182,113.643,0.97931,0.66752,1.17452,0.97437,0.97436,0.99333,0.74612,1.09141,0.47022,1.26002,0.00069423,0.00069423,0.00069423
183,114.223,0.93074,0.69459,1.16695,0.97437,0.97436,0.99333,0.74612,1.09141,0.47022,1.26002,0.000684422,0.000684422,0.000684422
184,114.799,1.0369,0.74402,1.20846,0.97087,0.992,0.995,0.73843,1.1055,0.46811,1.26567,0.000674649,0.000674649,0.000674649
185,115.417,1.04082,0.71506,1.19318,0.97845,0.99236,0.995,0.74229,1.12063,0.48181,1.27379,0.000664914,0.000664914,0.000664914
186,115.998,1.00675,0.73121,1.19649,0.98145,0.9953,0.995,0.73866,1.13068,0.48209,1.27724,0.000655216,0.000655216,0.000655216
187,116.563,0.99345,0.68753,1.15373,0.98145,0.9953,0.995,0.73866,1.13068,0.48209,1.27724,0.000645557,0.000645557,0.000645557
188,117.164,0.99367,0.69225,1.17517,0.98313,0.99545,0.995,0.73119,1.13297,0.47118,1.27753,0.000635938,0.000635938,0.000635938
189,117.785,1.02119,0.63832,1.16601,0.98441,0.9977,0.995,0.74241,1.13343,0.46986,1.27825,0.00062636,0.00062636,0.00062636
190,118.496,0.97817,0.70167,1.18031,0.98458,0.99807,0.995,0.73175,1.12147,0.48071,1.26858,0.000616824,0.000616824,0.000616824
191,119.045,0.99706,0.72041,1.23508,0.98458,0.99807,0.995,0.73175,1.12147,0.48071,1.26858,0.000607331,0.000607331,0.000607331
192,119.662,1.00214,0.71247,1.17561,0.98382,0.99783,0.995,0.75517,1.11359,0.49233,1.26431,0.000597882,0.000597882,0.000597882
193,120.24,1.05053,0.74749,1.24186,0.98359,0.99347,0.995,0.76231,1.10999,0.49139,1.26637,0.000588479,0.000588479,0.000588479
194,120.828,0.93585,0.65423,1.13829,0.96189,0.97436,0.99333,0.74754,1.13245,0.50634,1.28306,0.000579121,0.000579121,0.000579121
195,121.402,0.98836,0.70402,1.17931,0.96189,0.97436,0.99333,0.74754,1.13245,0.50634,1.28306,0.000569811,0.000569811,0.000569811
196,122.047,0.92539,0.6399,1.13769,0.94978,1,0.99333,0.74218,1.13782,0.50587,1.28623,0.000560549,0.000560549,0.000560549
197,122.659,0.9966,0.6666,1.162,0.94885,1,0.99333,0.74587,1.11662,0.4899,1.26508,0.000551337,0.000551337,0.000551337
198,123.37,0.93409,0.63385,1.14684,0.9485,1,0.99333,0.73417,1.07812,0.4917,1.22885,0.000542175,0.000542175,0.000542175
199,123.944,0.96908,0.68852,1.1677,0.9485,1,0.99333,0.73417,1.07812,0.4917,1.22885,0.000533064,0.000533064,0.000533064
200,124.591,0.86962,0.64144,1.15337,0.9479,0.99873,0.99333,0.75944,1.02261,0.46923,1.1904,0.000524005,0.000524005,0.000524005
201,125.178,0.9804,0.74074,1.17265,0.94792,0.99625,0.99333,0.77283,0.97364,0.45433,1.16609,0.000515,0.000515,0.000515
202,125.796,0.9846,0.72654,1.20417,0.94713,0.99523,0.99333,0.77253,0.95436,0.44955,1.15614,0.000506049,0.000506049,0.000506049
203,126.38,0.89482,0.60497,1.14624,0.94713,0.99523,0.99333,0.77253,0.95436,0.44955,1.15614,0.000497153,0.000497153,0.000497153
204,126.997,0.92075,0.65813,1.11822,0.94774,0.99516,0.99333,0.76809,0.96766,0.45125,1.16535,0.000488314,0.000488314,0.000488314
205,127.573,0.98336,0.67298,1.19916,0.95936,0.97605,0.99333,0.77187,1.00141,0.45686,1.18742,0.000479531,0.000479531,0.000479531
206,128.248,0.95103,0.66366,1.18984,0.95935,0.97436,0.99189,0.76254,1.02616,0.46063,1.20441,0.000470807,0.000470807,0.000470807
207,128.911,0.91596,0.66515,1.13067,0.95935,0.97436,0.99189,0.76254,1.02616,0.46063,1.20441,0.000462142,0.000462142,0.000462142
208,129.52,0.9451,0.64058,1.12294,0.96018,0.97436,0.98984,0.7553,1.0612,0.46688,1.22706,0.000453537,0.000453537,0.000453537
209,130.12,0.92195,0.64663,1.16965,0.96179,0.96249,0.98984,0.75878,1.08167,0.46505,1.24377,0.000444994,0.000444994,0.000444994
210,130.763,0.93844,0.66499,1.13465,0.96298,0.96238,0.98984,0.76307,1.07022,0.46095,1.23709,0.000436512,0.000436512,0.000436512
211,131.29,0.94208,0.68325,1.23224,0.96298,0.96238,0.98984,0.76307,1.07022,0.46095,1.23709,0.000428093,0.000428093,0.000428093
212,131.896,1.01147,0.70479,1.20938,0.96176,0.96846,0.98984,0.76259,1.05564,0.468,1.2285,0.000419737,0.000419737,0.000419737
213,132.471,0.92757,0.62505,1.13131,0.96023,0.97436,0.98779,0.76097,1.04156,0.46889,1.21979,0.000411447,0.000411447,0.000411447
214,133.096,0.88372,0.59235,1.10718,0.95856,0.97436,0.98599,0.75398,1.041,0.46763,1.2266,0.000403222,0.000403222,0.000403222
215,133.66,0.95445,0.68778,1.17552,0.95856,0.97436,0.98599,0.75398,1.041,0.46763,1.2266,0.000395064,0.000395064,0.000395064
216,134.373,0.93647,0.65191,1.16556,0.96038,0.9724,0.98599,0.75362,1.04471,0.46824,1.23434,0.000386973,0.000386973,0.000386973
217,134.975,1.02192,0.73756,1.23288,0.96102,0.97287,0.98599,0.74969,1.05391,0.46843,1.245,0.00037895,0.00037895,0.00037895
218,135.573,0.87143,0.58923,1.11417,0.95853,0.98455,0.98786,0.74311,1.05909,0.47183,1.25019,0.000370997,0.000370997,0.000370997
219,136.12,0.91013,0.62566,1.12279,0.95853,0.98455,0.98786,0.74311,1.05909,0.47183,1.25019,0.000363114,0.000363114,0.000363114
220,136.749,0.88094,0.60475,1.09712,0.96191,0.97385,0.98599,0.74066,1.06542,0.47796,1.25508,0.000355301,0.000355301,0.000355301
221,137.36,0.91982,0.66971,1.15049,0.96186,0.97054,0.98599,0.73352,1.08022,0.47935,1.26447,0.000347561,0.000347561,0.000347561
222,137.973,0.97676,0.71546,1.18864,0.96146,0.9661,0.98599,0.71279,1.08412,0.47978,1.26679,0.000339893,0.000339893,0.000339893
223,138.562,0.9006,0.63583,1.14043,0.96146,0.9661,0.98599,0.71279,1.08412,0.47978,1.26679,0.000332298,0.000332298,0.000332298
224,139.173,0.93505,0.65176,1.14736,0.96104,0.96242,0.98599,0.70769,1.11268,0.49077,1.28921,0.000324778,0.000324778,0.000324778
225,139.788,0.92181,0.62616,1.15573,0.96021,0.96771,0.98599,0.70482,1.1463,0.49988,1.31242,0.000317333,0.000317333,0.000317333
226,140.502,0.83151,0.57851,1.09755,0.95956,0.96969,0.98599,0.70406,1.16347,0.50304,1.32299,0.000309964,0.000309964,0.000309964
227,141.09,0.92263,0.64793,1.15317,0.95956,0.96969,0.98599,0.70406,1.16347,0.50304,1.32299,0.000302672,0.000302672,0.000302672
